{
    "Version": "2012-10-17",
    "Statement": [
        {
            "Sid": "VisualEditor0",
            "Effect": "Allow",
            "Action": [
                "ecr:PutLifecyclePolicy",
                "ecr:CreateRepository",
                "ecr:SetRepositoryPolicy",
                "ecr:CompleteLayerUpload",
                "ecr:GetAuthorizationToken",
                "ecr:UploadLayerPart",
                "ecr:StartLifecyclePolicyPreview",
                "ecr:InitiateLayerUpload",
                "ecr:BatchCheckLayerAvailability",
                "ecr:GetRepositoryPolicy",
                "ecr:GetLifecyclePolicy",
                "ecr:PutImage"
            ],
            "Resource": "*"
        }
    ]
}