{
    "Version": "2012-10-17",
    "Statement": [
        {
            "Sid": "Stmt1647601454862",
            "Action": "rds:*",
            "Effect": "Allow",
            "Resource": "*"
        },
        {
            "Sid": "Stmt1647601488921",
            "Action": "ecr:*",
            "Effect": "Allow",
            "Resource": "*"
        },
        {
            "Sid": "Stmt1647601500769",
            "Action": "ecs:*",
            "Effect": "Allow",
            "Resource": "*"
        },
        {
            "Sid": "Stmt1647601515382",
            "Action": "route53:*",
            "Effect": "Allow",
            "Resource": "*"
        },
        {
            "Sid": "Stmt1647601546368",
            "Action": "ses:*",
            "Effect": "Allow",
            "Resource": "*"
        },
        {
            "Sid": "Stmt1647601709345",
            "Action": "kms:*",
            "Effect": "Allow",
            "Resource": "*"
        },
        {
            "Sid": "Stmt1647601725627",
            "Action": "secretsmanager:*",
            "Effect": "Allow",
            "Resource": "*"
        },
        {
            "Sid": "Stmt1647601790443",
            "Action": "wafv2:*",
            "Effect": "Allow",
            "Resource": "*"
        },
        {
            "Sid": "Stmt1647601803371",
            "Action": "ec2:*",
            "Effect": "Allow",
            "Resource": "*"
        },
        {
            "Sid": "Stmt1647601820844",
            "Action": "elasticache:*",
            "Effect": "Allow",
            "Resource": "*"
        },
        {
            "Sid": "Stmt1647601902612",
            "Action": "cloudformation:*",
            "Effect": "Allow",
            "Resource": "*"
        },
        {
            "Sid": "Stmt1647601927876",
            "Action": "acm:*",
            "Effect": "Allow",
            "Resource": "*"
        }
    ]
}