{
    "Version": "2012-10-17",
    "Statement": [
        {
            "Sid": "AllowGoogleCloudServiceAccount",
            "Effect": "Allow",
            "Principal": {
                "Federated": "accounts.google.com"
            },
            "Action": "sts:AssumeRoleWithWebIdentity",
            "Condition": {
                "StringEquals": {
                    "accounts.google.com:email": "atlantis-svc@moonpay-sre.iam.gserviceaccount.com",
                    "accounts.google.com:oaud": "atlantis-aws",
                    "accounts.google.com:sub": "100263227040119983557"
                }
            }
        },
        {
            "Sid": "AllowLocalTerraformDevelopment",
            "Effect": "Allow",
            "Principal": {
                "AWS": [
                    "arn:aws:sts::583306400178:assumed-role/AWSReservedSSO_AWSAdministratorAccess_4afed4bb7be924c4/jpulsifer@moonpay.com",
                    "arn:aws:sts::583306400178:assumed-role/AWSReservedSSO_AWSAdministratorAccess_4afed4bb7be924c4/juan@moonpay.com",
                    "arn:aws:sts::583306400178:assumed-role/AWSReservedSSO_AWSAdministratorAccess_4afed4bb7be924c4/clopez@moonpay.com",
                    "arn:aws:sts::583306400178:assumed-role/AWSReservedSSO_AWSAdministratorAccess_4afed4bb7be924c4/hector@moonpay.com",
                    "arn:aws:sts::583306400178:assumed-role/AWSReservedSSO_AWSAdministratorAccess_4afed4bb7be924c4/mdanko@moonpay.com",
                    "arn:aws:sts::583306400178:assumed-role/AWSReservedSSO_AWSAdministratorAccess_4afed4bb7be924c4/igayoso@moonpay.com",
                    "arn:aws:sts::583306400178:assumed-role/AWSReservedSSO_AWSAdministratorAccess_4afed4bb7be924c4/esanchez@moonpay.com",
                    "arn:aws:sts::583306400178:assumed-role/AWSReservedSSO_AWSAdministratorAccess_4afed4bb7be924c4/oblanco@moonpay.com"
                ]
            },
            "Action": "sts:AssumeRole"
        }
    ]
}