{
  "description": "This is an automatically generated file, please do not edit! If you want to make any changes see: https://github.com/moonpay/ghsec",
  "$schema": "https://docs.renovatebot.com/renovate-schema.json",
  "extends": [
    "config:base"
  ],
  "ignorePaths": [
    "**/node_modules/**",
    "**/bower_components/**",
    "**/vendor/**",
    "**/examples/**",
    "**/__fixtures__/**"
  ],
  "vulnerabilityAlerts": {
    "labels": [
      "security"
    ],
    "reviewers": [
      "team:product-security-team"
    ]
  }
}
